{
  "train_accuracy": 0.8960817717206133,
  "val_accuracy": 0.8503401360544217,
  "accuracy_test": 0.8369565217391305,
  "precision_test": 0.8272727272727273,
  "recall_test": 0.8921568627450981,
  "f1_test": 0.8584905660377359,
  "roc_auc_test": 0.8965805834528933,
  "roc_auc_plot": 0.8965805834528933
}